Booking_ID,Country,Age,Gender,Travel_Type,Ticket_Price,Stay_Duration,Hotel_Rating,Transport_Mode,Insurance,Meal_Plan,Review_Score,Baggage_KG,Status,Canceled
BK-5000,Brazil,26,Male,Leisure,928.0,2.0,4,Car,Yes,Standard,4,27,Confirmed,0
BK-5001,Japan,29,Male,Group,2243.0,5.0,5,Train,No,Buffet,9,37,Canceled,1
BK-5002,UAE,70,Female,Business,4397.0,13.0,1,Flight,Yes,Standard,5,37,Confirmed,0
BK-5003,Brazil,18,Female,Business,3696.0,14.0,3,Train,Yes,Standard,8,38,Confirmed,0
BK-5004,India,75,Female,Business,978.0,5.0,4,Car,No,Buffet,9,25,Confirmed,0
BK-5005,Australia,75,Female,Group,413.0,14.0,1,Car,No,Standard,10,12,Canceled,1
BK-5006,UAE,18,Male,Business,3962.0,8.0,4,Train,Yes,Buffet,5,24,Canceled,1
BK-5007,UAE,64,Male,Group,1776.0,14.0,3,Flight,Yes,Standard,6,36,Confirmed,0
BK-5008,Brazil,51,Male,Business,2648.0,8.0,4,Train,Yes,Standard,1,36,Canceled,1
BK-5009,UK,49,Male,Solo,3136.0,14.0,5,Flight,No,Standard,7,13,Confirmed,0
BK-5010,India,79,Female,Leisure,3317.0,7.0,5,Train,No,Buffet,4,14,Confirmed,0
BK-5011,Brazil,71,Female,Solo,791.0,7.0,4,Car,Yes,Standard,2,26,Canceled,1
BK-5012,India,65,Female,Leisure,2920.0,12.0,1,Cruise,No,Standard,5,16,Canceled,1
BK-5013,India,42,Male,Group,913.0,11.0,1,Cruise,No,Buffet,3,25,Canceled,1
BK-5014,Australia,57,Female,Solo,1135.0,6.0,1,Flight,Yes,Buffet,6,23,Confirmed,0
BK-5015,UAE,62,Male,Business,201.0,6.0,4,Flight,Yes,Standard,8,35,Confirmed,0
BK-5016,Japan,70,Male,Leisure,3048.0,11.0,1,Flight,No,Standard,7,25,Canceled,1
BK-5017,Australia,18,Female,Leisure,4244.0,9.0,3,Car,No,Standard,3,16,Confirmed,0
BK-5018,Australia,33,Female,Solo,2149.0,6.0,5,Train,Yes,Standard,8,18,Canceled,1
BK-5019,India,78,Female,Group,1117.0,12.0,3,Car,No,Buffet,2,13,Confirmed,0
BK-5020,Germany,56,Male,Solo,3374.0,13.0,1,Cruise,No,Buffet,10,39,Canceled,1
BK-5021,UAE,22,Female,Group,2441.0,13.0,3,Flight,Yes,Standard,9,39,Canceled,1
BK-5022,UK,39,Male,Group,289.0,2.0,1,Train,Yes,Standard,4,31,Confirmed,0
BK-5023,Australia,46,Female,Leisure,1909.0,2.0,4,Cruise,No,Standard,1,20,Canceled,1
BK-5024,Japan,72,Male,Solo,2369.0,13.0,3,Cruise,No,Buffet,8,11,Canceled,1
BK-5025,Germany,20,Male,Solo,4438.0,5.0,4,Cruise,No,Buffet,7,21,Confirmed,0
BK-5026,Germany,29,Female,Group,3241.0,4.0,4,Car,Yes,Standard,5,21,Canceled,1
BK-5027,UK,43,Male,Solo,305.0,11.0,2,Flight,No,Standard,10,39,Confirmed,0
BK-5028,Australia,33,Male,Business,1086.0,2.0,1,Cruise,No,Standard,5,13,Canceled,1
BK-5029,Japan,68,Female,Business,627.0,3.0,5,Flight,Yes,Standard,7,27,Confirmed,0
BK-5030,UAE,54,Male,Solo,2095.0,7.0,1,Car,Yes,Standard,5,35,Canceled,1
BK-5031,USA,39,Female,Solo,516.0,8.0,5,Cruise,No,Standard,8,30,Canceled,1
BK-5032,Japan,74,Male,Group,834.0,12.0,1,Car,Yes,Standard,6,16,Canceled,1
BK-5033,UK,46,Female,Business,2125.0,13.0,4,Car,Yes,Buffet,5,38,Canceled,1
BK-5034,Germany,31,Female,Business,2256.0,6.0,3,Flight,No,Standard,9,10,Confirmed,0
BK-5035,UAE,45,Male,Leisure,3344.0,11.0,3,Cruise,Yes,Standard,2,35,Confirmed,0
BK-5036,Japan,22,Male,Group,2470.0,5.0,2,Car,Yes,Standard,1,35,Confirmed,0
BK-5037,USA,64,Male,Leisure,1639.0,13.0,5,Cruise,No,Standard,8,32,Confirmed,0
BK-5038,USA,66,Male,Business,752.0,1.0,5,Flight,Yes,Standard,3,35,Confirmed,0
BK-5039,India,47,Male,Group,915.0,8.0,5,Car,No,Standard,7,22,Confirmed,0
BK-5040,India,63,Female,Solo,4111.0,3.0,4,Flight,No,Standard,10,15,Confirmed,0
BK-5041,Brazil,79,Male,Group,1913.0,6.0,5,Cruise,Yes,Standard,8,15,Canceled,1
BK-5042,UK,69,Female,Solo,3589.0,3.0,3,Cruise,Yes,Buffet,6,21,Canceled,1
BK-5043,Australia,22,Female,Solo,1307.0,7.0,4,Flight,Yes,Standard,10,17,Canceled,1
BK-5044,Japan,29,Male,Group,4406.0,13.0,1,Train,No,Standard,9,33,Canceled,1
BK-5045,Japan,33,Female,Solo,450.0,14.0,5,Car,Yes,Buffet,5,31,Confirmed,0
BK-5046,Australia,43,Female,Leisure,2630.0,7.0,5,Cruise,No,Standard,10,28,Confirmed,0
BK-5047,Brazil,43,Female,Business,2254.0,12.0,1,Cruise,Yes,Standard,5,14,Confirmed,0
BK-5048,Germany,48,Female,Solo,658.0,9.0,5,Car,Yes,Standard,8,27,Canceled,1
BK-5049,Germany,38,Male,Leisure,407.0,5.0,1,Flight,Yes,Standard,2,39,Confirmed,0
BK-5050,Brazil,56,Female,Solo,1099.0,8.0,4,Flight,No,Standard,7,14,Canceled,1
BK-5051,Germany,53,Male,Business,3661.0,10.0,3,Flight,Yes,Buffet,4,39,Confirmed,0
BK-5052,India,50,Male,Leisure,3585.0,10.0,1,Train,Yes,Buffet,9,34,Confirmed,0
BK-5053,Japan,79,Female,Business,221.0,8.0,2,Train,No,Standard,1,19,Confirmed,0
BK-5054,Brazil,47,Male,Business,609.0,1.0,1,Cruise,No,Buffet,7,10,Confirmed,0
BK-5055,Japan,54,Male,Leisure,1094.0,12.0,5,Flight,Yes,Buffet,6,19,Canceled,1
BK-5056,Australia,40,Male,Leisure,714.0,5.0,4,Car,Yes,Standard,8,14,Canceled,1
BK-5057,USA,75,Female,Leisure,4309.0,3.0,4,Cruise,Yes,Standard,5,21,Confirmed,0
BK-5058,India,27,Male,Group,2334.0,1.0,1,Car,No,Buffet,1,31,Canceled,1
BK-5059,UAE,71,Male,Leisure,3795.0,4.0,3,Cruise,No,Standard,1,39,Confirmed,0
BK-5060,India,22,Male,Leisure,3156.0,8.0,2,Train,No,Standard,9,36,Confirmed,0
BK-5061,Brazil,53,Female,Leisure,1760.0,3.0,4,Cruise,No,Standard,10,16,Confirmed,0
BK-5062,UAE,51,Male,Leisure,1466.0,10.0,5,Train,Yes,Standard,6,18,Confirmed,0
BK-5063,USA,69,Female,Solo,2369.0,2.0,5,Cruise,No,Standard,10,31,Canceled,1
BK-5064,Brazil,48,Female,Group,3838.0,11.0,3,Flight,No,Buffet,5,30,Confirmed,0
BK-5065,UK,27,Female,Business,949.0,9.0,4,Car,No,Standard,1,21,Confirmed,0
BK-5066,Japan,75,Female,Leisure,3627.0,10.0,1,Flight,Yes,Standard,6,32,Canceled,1
BK-5067,USA,36,Female,Solo,2127.0,5.0,5,Cruise,Yes,Standard,5,38,Confirmed,0
BK-5068,Japan,75,Female,Solo,4004.0,14.0,3,Cruise,No,Standard,3,10,Canceled,1
BK-5069,Germany,49,Male,Solo,3902.0,7.0,4,Cruise,No,Standard,8,20,Confirmed,0
BK-5070,UK,18,Female,Business,2556.0,11.0,4,Train,Yes,Standard,5,39,Confirmed,0
BK-5071,UK,73,Male,Leisure,2535.0,11.0,4,Car,Yes,Buffet,1,30,Confirmed,0
BK-5072,USA,22,Male,Group,506.0,2.0,4,Car,Yes,Buffet,6,24,Confirmed,0
BK-5073,UK,62,Female,Group,3865.0,9.0,4,Cruise,Yes,Buffet,10,11,Confirmed,0
BK-5074,UAE,21,Male,Solo,2189.0,13.0,5,Cruise,Yes,Buffet,1,29,Confirmed,0
BK-5075,UK,33,Male,Business,861.0,9.0,3,Train,Yes,Standard,6,16,Canceled,1
BK-5076,Japan,41,Male,Business,511.0,4.0,4,Flight,Yes,Standard,1,30,Confirmed,0
BK-5077,Japan,33,Male,Business,3120.0,4.0,2,Flight,Yes,Standard,6,21,Canceled,1
BK-5078,Brazil,72,Female,Group,1282.0,7.47741935483871,2,Car,No,Buffet,3,31,Canceled,1
BK-5079,Japan,19,Male,Solo,3171.0,10.0,3,Train,No,Buffet,8,27,Confirmed,0
BK-5080,Brazil,66,Female,Leisure,954.0,10.0,1,Cruise,No,Standard,6,12,Canceled,1
BK-5081,Japan,45,Male,Group,4330.0,10.0,1,Car,No,Standard,1,16,Confirmed,0
BK-5082,UAE,49,Male,Solo,552.0,6.0,1,Train,No,Buffet,5,20,Canceled,1
BK-5083,Australia,44,Female,Solo,1102.0,12.0,2,Flight,No,Standard,8,27,Confirmed,0
BK-5084,Brazil,37,Male,Leisure,4088.0,1.0,1,Train,Yes,Standard,3,21,Canceled,1
BK-5085,India,41,Male,Leisure,358.0,14.0,5,Flight,Yes,Standard,6,15,Canceled,1
BK-5086,Germany,29,Male,Leisure,2353.0774193548386,14.0,4,Train,No,Buffet,5,14,Confirmed,0
BK-5087,USA,67,Female,Business,1156.0,9.0,2,Car,No,Standard,6,35,Canceled,1
BK-5088,Japan,52,Male,Leisure,2271.0,2.0,3,Flight,Yes,Standard,10,10,Confirmed,0
BK-5089,UK,77,Female,Solo,603.0,5.0,3,Car,Yes,Standard,5,21,Confirmed,0
BK-5090,Australia,50,Male,Leisure,2979.0,9.0,4,Car,Yes,Buffet,7,36,Confirmed,0
BK-5091,Japan,50,Female,Solo,1587.0,4.0,2,Flight,No,Standard,9,35,Confirmed,0
BK-5092,UK,78,Female,Group,3653.0,11.0,1,Flight,Yes,Buffet,2,20,Confirmed,0
BK-5093,Germany,68,Male,Business,1155.0,3.0,1,Cruise,No,Standard,10,13,Canceled,1
BK-5094,Germany,60,Male,Group,1912.0,7.0,5,Cruise,No,Standard,5,36,Canceled,1
BK-5095,Germany,54,Female,Group,1473.0,6.0,5,Cruise,Yes,Standard,10,27,Canceled,1
BK-5096,UK,29,Female,Solo,4011.0,8.0,1,Car,Yes,Standard,4,13,Confirmed,0
BK-5097,Japan,20,Male,Group,2825.0,3.0,3,Car,No,Buffet,6,26,Canceled,1
BK-5098,Germany,18,Female,Solo,2582.0,5.0,3,Cruise,Yes,Standard,6,11,Canceled,1
BK-5099,UAE,50,Male,Leisure,1641.0,10.0,5,Car,Yes,Buffet,2,38,Canceled,1
BK-5100,Brazil,57,Male,Leisure,3179.0,4.0,4,Car,No,Standard,2,33,Canceled,1
BK-5101,UK,27,Male,Solo,1997.0,13.0,1,Flight,Yes,Standard,4,31,Canceled,1
BK-5102,UK,60,Male,Leisure,4209.0,4.0,5,Flight,No,Standard,1,11,Confirmed,0
BK-5103,Japan,61,Female,Business,1594.0,4.0,5,Car,No,Buffet,9,21,Confirmed,0
BK-5104,UK,46,Male,Group,4481.0,10.0,1,Cruise,Yes,Standard,7,15,Canceled,1
BK-5105,UK,30,Female,Business,1469.0,8.0,1,Train,No,Standard,7,19,Confirmed,0
BK-5106,Germany,29,Male,Group,3914.0,6.0,3,Cruise,No,Buffet,3,34,Confirmed,0
BK-5107,Japan,48,Female,Leisure,729.0,3.0,4,Train,Yes,Standard,3,32,Canceled,1
BK-5108,Germany,63,Male,Business,3823.0,10.0,4,Cruise,Yes,Standard,1,34,Canceled,1
BK-5109,Brazil,19,Female,Leisure,3158.0,5.0,1,Flight,Yes,Buffet,3,30,Confirmed,0
BK-5110,Australia,78,Female,Group,3114.0,6.0,2,Car,No,Standard,3,32,Canceled,1
BK-5111,Brazil,68,Male,Solo,3791.0,5.0,5,Car,No,Standard,4,36,Confirmed,0
BK-5112,Australia,67,Male,Solo,2347.0,6.0,5,Flight,Yes,Standard,4,25,Confirmed,0
BK-5113,Germany,52,Male,Business,3569.0,8.0,1,Train,No,Standard,3,23,Canceled,1
BK-5114,Brazil,40,Male,Leisure,1139.0,7.0,2,Train,Yes,Buffet,10,16,Confirmed,0
BK-5115,Japan,34,Female,Leisure,725.0,5.0,3,Train,Yes,Buffet,8,37,Confirmed,0
BK-5116,USA,43,Male,Business,201.0,10.0,1,Flight,No,Buffet,8,37,Confirmed,0
BK-5117,Germany,25,Female,Solo,574.0,6.0,3,Train,Yes,Standard,1,28,Canceled,1
BK-5118,Australia,46,Female,Group,2540.0,14.0,5,Flight,No,Standard,7,32,Canceled,1
BK-5119,UAE,43,Male,Business,4205.0,4.0,1,Cruise,No,Standard,2,26,Canceled,1
BK-5120,Australia,27,Female,Group,3252.0,12.0,3,Cruise,Yes,Buffet,1,18,Canceled,1
BK-5121,UAE,43,Female,Solo,2565.0,9.0,1,Flight,No,Standard,3,35,Confirmed,0
BK-5122,UK,79,Female,Leisure,1725.0,13.0,5,Car,Yes,Standard,4,22,Canceled,1
BK-5123,Brazil,51,Female,Solo,1846.0,4.0,3,Cruise,No,Standard,6,31,Canceled,1
BK-5124,UAE,68,Male,Business,213.0,1.0,3,Train,No,Standard,10,14,Canceled,1
BK-5125,Australia,58,Male,Leisure,2478.0,7.0,1,Flight,No,Standard,5,32,Canceled,1
BK-5126,UK,24,Male,Business,3355.0,7.0,5,Train,Yes,Buffet,4,14,Confirmed,0
BK-5127,USA,21,Male,Business,329.0,4.0,3,Train,No,Standard,8,19,Confirmed,0
BK-5128,Japan,48,Female,Solo,4014.0,13.0,3,Car,Yes,Standard,4,30,Confirmed,0
BK-5129,Japan,70,Female,Business,3416.0,7.47741935483871,3,Train,No,Standard,10,36,Canceled,1
BK-5130,Japan,67,Male,Solo,3138.0,3.0,5,Car,No,Standard,2,19,Canceled,1
BK-5131,UAE,62,Male,Leisure,4128.0,8.0,5,Cruise,Yes,Standard,3,36,Confirmed,0
BK-5132,USA,28,Male,Solo,2240.0,5.0,1,Flight,Yes,Standard,6,16,Canceled,1
BK-5133,UAE,46,Female,Leisure,227.0,10.0,4,Train,Yes,Buffet,5,35,Canceled,1
BK-5134,Brazil,73,Male,Solo,2313.0,7.0,3,Flight,Yes,Standard,8,24,Confirmed,0
BK-5135,UAE,53,Male,Group,1452.0,4.0,4,Train,Yes,Standard,9,16,Confirmed,0
BK-5136,USA,42,Male,Group,2246.0,4.0,5,Flight,No,Standard,7,38,Canceled,1
BK-5137,USA,38,Female,Business,4223.0,8.0,5,Train,No,Standard,2,36,Canceled,1
BK-5138,Brazil,78,Female,Solo,3574.0,14.0,5,Train,Yes,Standard,8,24,Canceled,1
BK-5139,USA,48,Female,Solo,3666.0,8.0,4,Train,No,Standard,7,12,Confirmed,0
BK-5140,Australia,53,Female,Leisure,3281.0,2.0,5,Train,No,Buffet,8,28,Confirmed,0
BK-5141,USA,27,Female,Business,3978.0,14.0,1,Train,No,Buffet,3,19,Confirmed,0
BK-5142,Japan,54,Female,Solo,829.0,2.0,5,Train,Yes,Buffet,7,37,Confirmed,0
BK-5143,Australia,48,Female,Business,469.0,3.0,2,Train,No,Standard,10,38,Canceled,1
BK-5144,Australia,41,Female,Group,2839.0,12.0,4,Train,No,Standard,9,24,Confirmed,0
BK-5145,Brazil,52,Male,Solo,2193.0,12.0,2,Train,No,Buffet,3,12,Confirmed,0
BK-5146,India,66,Male,Solo,3091.0,3.0,5,Flight,Yes,Buffet,10,15,Canceled,1
BK-5147,India,48,Female,Business,3632.0,1.0,1,Car,No,Buffet,6,21,Canceled,1
BK-5148,USA,65,Female,Solo,1480.0,14.0,3,Train,No,Standard,2,24,Canceled,1
BK-5149,Australia,53,Male,Business,2560.0,3.0,5,Car,Yes,Standard,2,15,Confirmed,0
BK-5150,India,35,Female,Solo,775.0,6.0,1,Train,Yes,Standard,5,22,Canceled,1
BK-5151,India,66,Female,Leisure,1507.0,8.0,4,Train,No,Standard,5,38,Canceled,1
BK-5152,USA,56,Female,Business,3392.0,13.0,2,Flight,No,Standard,7,28,Confirmed,0
BK-5153,India,49,Male,Solo,3378.0,12.0,2,Cruise,Yes,Buffet,2,12,Confirmed,0
BK-5154,UAE,41,Male,Group,2934.0,14.0,2,Cruise,Yes,Standard,7,17,Canceled,1
BK-5155,UK,40,Male,Solo,2412.0,10.0,4,Flight,Yes,Buffet,5,17,Confirmed,0
BK-5156,Brazil,48,Male,Group,2552.0,6.0,1,Car,Yes,Standard,6,32,Canceled,1
BK-5157,UK,49,Male,Group,3768.0,5.0,4,Cruise,Yes,Standard,8,35,Canceled,1
BK-5158,USA,54,Female,Leisure,1855.0,4.0,2,Flight,Yes,Standard,10,29,Confirmed,0
BK-5159,Japan,29,Male,Business,1779.0,3.0,5,Flight,Yes,Standard,4,24,Canceled,1
BK-5160,Brazil,66,Female,Solo,2403.0,13.0,3,Cruise,No,Standard,5,13,Confirmed,0
BK-5161,USA,72,Female,Leisure,1590.0,4.0,4,Car,Yes,Standard,6,28,Confirmed,0
BK-5162,Australia,30,Male,Solo,1942.0,14.0,4,Flight,Yes,Buffet,10,30,Confirmed,0
BK-5163,Japan,40,Male,Group,2125.0,7.0,1,Train,No,Standard,2,12,Canceled,1
BK-5164,UK,42,Female,Business,819.0,1.0,1,Car,Yes,Standard,8,22,Confirmed,0
BK-5165,USA,52,Female,Solo,1474.0,7.0,4,Car,Yes,Buffet,10,17,Confirmed,0
BK-5166,Australia,58,Female,Solo,1156.0,1.0,2,Cruise,No,Standard,9,32,Canceled,1
BK-5167,Brazil,47,Male,Group,2139.0,2.0,3,Cruise,Yes,Buffet,5,25,Canceled,1
BK-5168,Brazil,34,Male,Solo,4153.0,4.0,1,Train,No,Standard,10,22,Canceled,1
BK-5169,Germany,66,Male,Solo,2581.0,1.0,2,Flight,No,Standard,4,12,Canceled,1
BK-5170,Australia,79,Male,Group,1168.0,11.0,5,Cruise,No,Buffet,6,25,Confirmed,0
BK-5171,UAE,37,Male,Leisure,1516.0,12.0,1,Cruise,No,Standard,8,18,Confirmed,0
BK-5172,India,65,Female,Group,1243.0,11.0,2,Car,Yes,Standard,3,37,Confirmed,0
BK-5173,Japan,42,Male,Leisure,481.0,11.0,2,Cruise,No,Buffet,10,23,Canceled,1
BK-5174,Australia,39,Female,Business,3044.0,9.0,3,Cruise,No,Standard,1,22,Canceled,1
BK-5175,Germany,30,Female,Leisure,1258.0,12.0,3,Cruise,Yes,Standard,4,30,Confirmed,0
BK-5176,India,76,Female,Leisure,4493.0,6.0,5,Cruise,No,Standard,4,34,Canceled,1
BK-5177,India,36,Male,Business,2732.0,13.0,2,Car,No,Buffet,1,16,Canceled,1
BK-5178,USA,66,Male,Leisure,4028.0,1.0,2,Train,No,Standard,9,24,Confirmed,0
BK-5179,India,53,Male,Group,1208.0,1.0,3,Train,No,Standard,3,16,Confirmed,0
BK-5180,UAE,29,Female,Leisure,1429.0,6.0,1,Flight,Yes,Standard,5,15,Canceled,1
BK-5181,Brazil,78,Female,Business,1235.0,4.0,1,Cruise,No,Standard,6,11,Canceled,1
BK-5182,Germany,58,Female,Group,475.0,7.47741935483871,4,Car,Yes,Standard,8,18,Canceled,1
BK-5183,India,36,Female,Business,2940.0,11.0,3,Flight,Yes,Standard,6,31,Confirmed,0
BK-5184,USA,29,Female,Business,2489.0,6.0,4,Flight,No,Standard,3,33,Confirmed,0
BK-5185,UAE,26,Female,Solo,1439.0,14.0,3,Train,No,Buffet,6,26,Confirmed,0
BK-5186,UK,24,Male,Solo,325.0,12.0,5,Car,No,Buffet,1,14,Confirmed,0
BK-5187,Brazil,45,Male,Business,4265.0,11.0,2,Car,No,Standard,4,21,Confirmed,0
BK-5188,Brazil,31,Male,Business,4068.0,7.0,5,Car,Yes,Buffet,5,10,Canceled,1
BK-5189,Germany,48,Male,Business,1408.0,9.0,3,Train,Yes,Standard,7,19,Canceled,1
BK-5190,Brazil,69,Female,Solo,3449.0,10.0,2,Train,Yes,Standard,10,20,Canceled,1
BK-5191,India,36,Female,Solo,1118.0,5.0,1,Train,No,Buffet,3,25,Confirmed,0
BK-5192,USA,75,Male,Leisure,4123.0,9.0,1,Train,Yes,Buffet,9,23,Confirmed,0
BK-5193,Brazil,64,Female,Leisure,2169.0,4.0,4,Train,No,Standard,7,17,Confirmed,0
BK-5194,Brazil,33,Male,Business,2993.0,13.0,3,Cruise,No,Standard,1,33,Canceled,1
BK-5195,UK,70,Male,Group,1091.0,10.0,3,Cruise,No,Standard,2,26,Confirmed,0
BK-5196,UK,22,Male,Group,2233.0,2.0,1,Car,No,Standard,1,34,Confirmed,0
BK-5197,Japan,52,Female,Solo,1564.0,3.0,5,Flight,No,Buffet,9,27,Canceled,1
BK-5198,UAE,29,Male,Solo,328.0,13.0,3,Car,Yes,Standard,9,21,Confirmed,0
BK-5199,India,42,Male,Solo,1214.0,11.0,5,Flight,Yes,Buffet,5,34,Canceled,1
BK-5200,Brazil,69,Male,Business,1999.0,1.0,5,Train,No,Standard,10,26,Confirmed,0
BK-5201,Australia,76,Female,Group,1718.0,14.0,1,Flight,Yes,Standard,3,37,Confirmed,0
BK-5202,Brazil,38,Female,Leisure,4381.0,14.0,1,Car,No,Standard,5,35,Canceled,1
BK-5203,USA,53,Male,Business,1398.0,6.0,1,Car,No,Standard,4,23,Canceled,1
BK-5204,Japan,70,Female,Leisure,2353.0774193548386,13.0,4,Flight,No,Standard,7,25,Canceled,1
BK-5205,UAE,40,Female,Leisure,2674.0,6.0,5,Cruise,Yes,Buffet,9,23,Canceled,1
BK-5206,Australia,33,Female,Business,3685.0,1.0,3,Train,No,Buffet,2,18,Canceled,1
BK-5207,Japan,74,Female,Leisure,4249.0,11.0,2,Train,No,Standard,8,13,Canceled,1
BK-5208,Germany,56,Female,Group,3919.0,13.0,4,Car,Yes,Standard,9,34,Confirmed,0
BK-5209,UAE,62,Female,Leisure,502.0,3.0,3,Cruise,Yes,Standard,10,32,Confirmed,0
BK-5210,Brazil,70,Female,Group,4152.0,5.0,5,Flight,Yes,Standard,10,20,Canceled,1
BK-5211,Brazil,59,Female,Group,1186.0,3.0,1,Train,No,Buffet,9,15,Confirmed,0
BK-5212,UAE,75,Female,Group,2063.0,10.0,5,Cruise,No,Standard,10,24,Canceled,1
BK-5213,Brazil,56,Female,Solo,3272.0,3.0,2,Train,Yes,Standard,7,14,Confirmed,0
BK-5214,India,31,Male,Leisure,3324.0,14.0,4,Cruise,No,Standard,9,20,Canceled,1
BK-5215,UAE,48,Male,Business,1527.0,10.0,4,Cruise,Yes,Standard,9,34,Confirmed,0
BK-5216,Japan,75,Female,Business,2608.0,3.0,2,Car,Yes,Standard,3,27,Confirmed,0
BK-5217,UAE,22,Male,Leisure,3873.0,5.0,3,Train,No,Standard,4,39,Confirmed,0
BK-5218,Australia,52,Male,Solo,3491.0,13.0,3,Flight,No,Standard,2,22,Confirmed,0
BK-5219,Brazil,40,Female,Solo,4233.0,5.0,4,Car,Yes,Standard,10,20,Confirmed,0
BK-5220,India,46,Female,Group,903.0,4.0,4,Car,Yes,Standard,3,23,Canceled,1
BK-5221,India,60,Female,Leisure,774.0,1.0,1,Flight,Yes,Standard,5,37,Canceled,1
BK-5222,Germany,28,Male,Leisure,3432.0,5.0,3,Car,Yes,Buffet,5,27,Canceled,1
BK-5223,Japan,35,Male,Business,2832.0,10.0,2,Cruise,No,Buffet,6,36,Confirmed,0
BK-5224,UK,64,Female,Leisure,4028.0,5.0,3,Cruise,Yes,Standard,7,37,Canceled,1
BK-5225,UK,29,Female,Solo,3430.0,4.0,1,Train,Yes,Buffet,7,34,Confirmed,0
BK-5226,UAE,26,Female,Leisure,688.0,6.0,4,Train,Yes,Buffet,1,37,Confirmed,0
BK-5227,Germany,27,Male,Business,1547.0,10.0,4,Flight,No,Standard,2,28,Confirmed,0
BK-5228,USA,75,Male,Group,3881.0,4.0,1,Train,No,Standard,9,33,Canceled,1
BK-5229,UAE,61,Male,Business,3373.0,14.0,2,Cruise,Yes,Standard,10,36,Confirmed,0
BK-5230,Germany,34,Male,Business,1867.0,7.0,4,Flight,No,Standard,2,24,Canceled,1
BK-5231,Japan,78,Female,Group,1837.0,7.0,5,Flight,No,Standard,6,18,Canceled,1
BK-5232,Japan,48,Female,Business,4314.0,2.0,4,Train,No,Standard,1,17,Confirmed,0
BK-5233,Japan,24,Female,Business,3753.0,3.0,5,Cruise,Yes,Standard,3,29,Confirmed,0
BK-5234,Japan,63,Female,Leisure,1200.0,1.0,1,Flight,Yes,Buffet,2,37,Canceled,1
BK-5235,Japan,30,Male,Leisure,1050.0,8.0,1,Cruise,No,Standard,3,10,Canceled,1
BK-5236,Germany,57,Male,Group,1588.0,9.0,4,Cruise,Yes,Standard,5,13,Canceled,1
BK-5237,Germany,59,Female,Leisure,3912.0,4.0,3,Cruise,Yes,Buffet,10,23,Canceled,1
BK-5238,India,26,Female,Leisure,1567.0,6.0,5,Train,No,Standard,6,34,Canceled,1
BK-5239,Australia,67,Male,Business,1021.0,9.0,2,Car,No,Standard,9,11,Canceled,1
BK-5240,UK,44,Female,Solo,654.0,6.0,4,Car,Yes,Standard,10,25,Confirmed,0
BK-5241,Brazil,75,Male,Leisure,1824.0,14.0,2,Flight,No,Standard,4,12,Canceled,1
BK-5242,Japan,19,Female,Solo,2972.0,12.0,4,Cruise,Yes,Standard,7,35,Canceled,1
BK-5243,USA,22,Female,Leisure,3926.0,12.0,3,Train,Yes,Buffet,6,17,Canceled,1
BK-5244,Brazil,46,Female,Leisure,3347.0,12.0,3,Cruise,No,Standard,2,15,Canceled,1
BK-5245,Germany,54,Female,Group,4289.0,9.0,3,Cruise,Yes,Standard,10,25,Confirmed,0
BK-5246,USA,55,Female,Group,2390.0,4.0,3,Train,Yes,Standard,8,33,Confirmed,0
BK-5247,USA,36,Female,Group,1116.0,8.0,1,Car,No,Buffet,7,25,Canceled,1
BK-5248,USA,25,Female,Solo,4186.0,9.0,1,Cruise,No,Standard,7,16,Canceled,1
BK-5249,India,65,Male,Business,3075.0,4.0,5,Cruise,No,Standard,8,39,Canceled,1
BK-5250,Germany,62,Male,Leisure,1640.0,5.0,2,Car,Yes,Buffet,1,22,Confirmed,0
BK-5251,USA,18,Male,Leisure,935.0,14.0,4,Train,No,Standard,1,22,Confirmed,0
BK-5252,Japan,39,Male,Leisure,3768.0,8.0,4,Flight,No,Standard,8,14,Confirmed,0
BK-5253,UAE,69,Male,Solo,2353.0774193548386,12.0,1,Car,No,Buffet,4,34,Confirmed,0
BK-5254,USA,34,Female,Group,3215.0,10.0,4,Flight,No,Standard,5,29,Confirmed,0
BK-5255,India,24,Female,Business,3089.0,14.0,1,Flight,Yes,Buffet,8,31,Confirmed,0
BK-5256,Brazil,42,Male,Solo,1161.0,6.0,5,Car,Yes,Standard,5,27,Canceled,1
BK-5257,Germany,62,Female,Group,3189.0,12.0,2,Cruise,No,Standard,10,24,Confirmed,0
BK-5258,Australia,21,Male,Solo,4048.0,7.0,5,Flight,Yes,Standard,4,27,Confirmed,0
BK-5259,India,53,Male,Business,1226.0,3.0,3,Flight,No,Buffet,6,11,Canceled,1
BK-5260,USA,23,Female,Group,4065.0,7.0,3,Train,No,Standard,5,19,Confirmed,0
BK-5261,Germany,77,Female,Solo,3063.0,12.0,3,Cruise,Yes,Standard,7,32,Canceled,1
BK-5262,UAE,48,Female,Business,2701.0,14.0,5,Flight,Yes,Buffet,10,22,Confirmed,0
BK-5263,USA,36,Male,Leisure,2147.0,8.0,4,Train,No,Standard,7,27,Canceled,1
BK-5264,India,78,Female,Business,1377.0,10.0,2,Cruise,No,Standard,4,24,Canceled,1
BK-5265,UK,48,Male,Leisure,211.0,6.0,3,Car,Yes,Standard,5,21,Canceled,1
BK-5266,Japan,71,Male,Solo,3564.0,10.0,3,Car,No,Buffet,3,24,Canceled,1
BK-5267,Australia,56,Male,Group,2353.0774193548386,9.0,3,Train,Yes,Standard,4,22,Canceled,1
BK-5268,Brazil,44,Female,Group,3571.0,13.0,2,Car,No,Buffet,4,27,Confirmed,0
BK-5269,India,27,Female,Solo,3030.0,6.0,3,Flight,No,Buffet,3,24,Confirmed,0
BK-5270,Germany,43,Male,Group,242.0,12.0,2,Cruise,Yes,Standard,10,34,Canceled,1
BK-5271,Australia,36,Female,Group,1143.0,9.0,3,Flight,Yes,Standard,5,32,Canceled,1
BK-5272,Australia,56,Female,Leisure,2590.0,13.0,5,Flight,Yes,Buffet,5,20,Canceled,1
BK-5273,Australia,79,Female,Solo,2745.0,4.0,5,Car,Yes,Standard,7,28,Confirmed,0
BK-5274,USA,20,Male,Business,2611.0,8.0,2,Flight,Yes,Standard,4,12,Canceled,1
BK-5275,Japan,62,Male,Leisure,1204.0,7.47741935483871,5,Car,Yes,Standard,4,16,Canceled,1
BK-5276,USA,30,Female,Solo,220.0,4.0,2,Cruise,Yes,Standard,9,30,Canceled,1
BK-5277,Germany,67,Male,Leisure,606.0,2.0,5,Cruise,No,Standard,6,35,Canceled,1
BK-5278,USA,45,Female,Business,1214.0,10.0,5,Flight,No,Standard,4,23,Confirmed,0
BK-5279,UK,79,Female,Business,2038.0,11.0,2,Train,No,Standard,2,23,Canceled,1
BK-5280,Japan,75,Female,Solo,3388.0,9.0,4,Car,Yes,Standard,6,31,Canceled,1
BK-5281,Japan,37,Female,Business,914.0,7.47741935483871,5,Car,Yes,Standard,2,22,Confirmed,0
BK-5282,Germany,45,Male,Leisure,4346.0,4.0,3,Flight,Yes,Standard,5,21,Canceled,1
BK-5283,Brazil,25,Male,Business,4054.0,2.0,4,Car,No,Standard,6,33,Canceled,1
BK-5284,UK,78,Male,Leisure,340.0,1.0,2,Car,Yes,Standard,4,18,Confirmed,0
BK-5285,India,58,Female,Leisure,1163.0,11.0,3,Train,Yes,Standard,3,10,Confirmed,0
BK-5286,USA,56,Female,Business,572.0,7.0,1,Train,No,Buffet,7,28,Confirmed,0
BK-5287,UAE,18,Female,Solo,3835.0,6.0,1,Flight,Yes,Standard,2,20,Canceled,1
BK-5288,USA,20,Male,Group,2741.0,2.0,5,Train,No,Buffet,6,32,Canceled,1
BK-5289,Australia,30,Female,Business,3810.0,8.0,5,Flight,No,Standard,4,31,Confirmed,0
BK-5290,USA,45,Male,Leisure,1892.0,11.0,3,Cruise,Yes,Buffet,6,32,Confirmed,0
BK-5291,India,79,Male,Leisure,305.0,4.0,4,Flight,Yes,Standard,4,33,Confirmed,0
BK-5292,USA,74,Male,Business,1881.0,8.0,1,Cruise,Yes,Standard,4,31,Canceled,1
BK-5293,UK,77,Male,Solo,4297.0,7.0,5,Flight,No,Standard,4,28,Canceled,1
BK-5294,UK,66,Male,Solo,4216.0,5.0,4,Car,No,Buffet,9,27,Confirmed,0
BK-5295,Japan,42,Male,Leisure,2836.0,10.0,5,Train,No,Standard,7,21,Canceled,1
BK-5296,Germany,73,Female,Leisure,2337.0,10.0,5,Cruise,Yes,Standard,3,32,Confirmed,0
BK-5297,Brazil,50,Female,Solo,3616.0,12.0,1,Flight,Yes,Standard,3,37,Canceled,1
BK-5298,UAE,55,Male,Group,3730.0,8.0,1,Train,Yes,Buffet,6,37,Canceled,1
BK-5299,Australia,70,Male,Business,1486.0,14.0,5,Flight,Yes,Buffet,6,37,Canceled,1
BK-5300,USA,23,Female,Leisure,3379.0,9.0,2,Train,No,Buffet,5,36,Canceled,1
BK-5301,USA,48,Male,Leisure,3854.0,5.0,5,Train,No,Buffet,9,10,Confirmed,0
BK-5302,India,61,Male,Solo,2559.0,10.0,5,Flight,No,Standard,4,28,Canceled,1
BK-5303,Germany,62,Female,Business,644.0,7.47741935483871,3,Cruise,No,Standard,9,37,Canceled,1
BK-5304,UK,49,Male,Solo,235.0,2.0,3,Cruise,Yes,Standard,4,36,Confirmed,0
BK-5305,UAE,62,Male,Business,1675.0,5.0,3,Car,Yes,Standard,2,29,Canceled,1
BK-5306,Japan,78,Male,Business,4157.0,3.0,2,Train,Yes,Standard,2,38,Confirmed,0
BK-5307,UK,48,Female,Business,1998.0,7.0,2,Car,No,Standard,5,39,Confirmed,0
BK-5308,Australia,38,Female,Leisure,2045.0,10.0,5,Car,No,Standard,4,26,Canceled,1
BK-5309,Germany,33,Female,Group,1608.0,5.0,3,Flight,Yes,Standard,7,14,Canceled,1
BK-5310,Australia,71,Male,Solo,1908.0,8.0,2,Flight,Yes,Standard,5,35,Confirmed,0
BK-5311,Brazil,38,Male,Group,3138.0,1.0,1,Flight,No,Standard,6,12,Confirmed,0
BK-5312,Japan,28,Female,Solo,1500.0,3.0,5,Train,Yes,Standard,10,11,Confirmed,0
BK-5313,Brazil,77,Male,Business,1443.0,3.0,4,Flight,No,Standard,4,12,Canceled,1
BK-5314,India,54,Male,Leisure,4176.0,9.0,5,Flight,No,Standard,2,17,Confirmed,0
BK-5315,Australia,53,Male,Group,3297.0,5.0,4,Train,No,Standard,10,25,Confirmed,0
BK-5316,India,52,Male,Leisure,209.0,12.0,3,Train,Yes,Standard,9,15,Confirmed,0
BK-5317,USA,36,Male,Solo,2625.0,9.0,4,Cruise,Yes,Buffet,10,22,Canceled,1
BK-5318,Brazil,37,Female,Leisure,1860.0,13.0,3,Flight,No,Standard,7,39,Confirmed,0
BK-5319,Germany,74,Male,Leisure,2831.0,9.0,1,Flight,Yes,Standard,4,32,Canceled,1
BK-5320,Australia,35,Female,Group,1272.0,1.0,4,Flight,No,Standard,3,37,Canceled,1
BK-5321,UAE,64,Male,Business,3425.0,7.47741935483871,5,Cruise,No,Standard,10,31,Confirmed,0
BK-5322,Japan,58,Female,Leisure,1516.0,5.0,3,Flight,No,Standard,3,31,Canceled,1
BK-5323,UK,66,Male,Business,4345.0,4.0,5,Cruise,No,Standard,9,25,Confirmed,0
BK-5324,Germany,31,Female,Solo,3883.0,10.0,2,Car,Yes,Buffet,5,37,Canceled,1
BK-5325,Germany,32,Male,Leisure,3473.0,9.0,3,Cruise,No,Buffet,3,25,Canceled,1
BK-5326,India,48,Female,Group,345.0,7.0,4,Car,No,Standard,5,12,Confirmed,0
BK-5327,Brazil,18,Male,Solo,3240.0,6.0,3,Flight,Yes,Standard,2,37,Confirmed,0
BK-5328,Australia,70,Female,Solo,1662.0,7.0,5,Car,No,Standard,4,22,Confirmed,0
BK-5329,Australia,71,Male,Group,1784.0,1.0,1,Cruise,No,Standard,10,23,Canceled,1
BK-5330,USA,71,Female,Leisure,682.0,1.0,3,Train,Yes,Buffet,2,17,Canceled,1
BK-5331,USA,20,Female,Leisure,3379.0,8.0,4,Car,Yes,Standard,2,21,Confirmed,0
BK-5332,Japan,33,Male,Solo,1449.0,13.0,2,Car,Yes,Standard,8,32,Confirmed,0
BK-5333,India,48,Male,Leisure,830.0,13.0,3,Flight,No,Buffet,1,32,Canceled,1
BK-5334,Germany,74,Female,Business,861.0,2.0,2,Cruise,Yes,Standard,7,31,Canceled,1
BK-5335,Australia,28,Male,Group,3703.0,12.0,3,Car,Yes,Buffet,5,30,Canceled,1
BK-5336,UAE,29,Female,Business,3052.0,7.47741935483871,5,Car,No,Standard,8,35,Confirmed,0
BK-5337,India,27,Female,Leisure,2666.0,11.0,5,Car,No,Buffet,1,17,Canceled,1
BK-5338,Japan,49,Female,Solo,1187.0,9.0,4,Car,No,Buffet,7,30,Confirmed,0
BK-5339,Japan,33,Male,Group,1746.0,7.0,5,Train,No,Standard,5,34,Canceled,1
BK-5340,India,25,Female,Leisure,849.0,6.0,1,Cruise,No,Standard,4,18,Canceled,1
BK-5341,Japan,55,Female,Leisure,1168.0,1.0,5,Flight,Yes,Buffet,7,10,Confirmed,0
BK-5342,India,29,Male,Solo,2837.0,1.0,4,Flight,Yes,Standard,10,15,Confirmed,0
BK-5343,UK,41,Male,Solo,1300.0,2.0,3,Train,Yes,Standard,2,32,Confirmed,0
BK-5344,India,45,Male,Business,640.0,6.0,3,Cruise,No,Standard,1,28,Canceled,1
BK-5345,Brazil,70,Male,Group,969.0,14.0,5,Car,No,Standard,1,32,Canceled,1
BK-5346,India,25,Female,Group,1543.0,6.0,2,Train,No,Standard,1,20,Canceled,1
BK-5347,Japan,75,Female,Solo,3929.0,2.0,3,Cruise,Yes,Standard,5,20,Confirmed,0
BK-5348,Australia,45,Female,Business,4106.0,1.0,5,Car,Yes,Standard,10,32,Canceled,1
BK-5349,Brazil,53,Female,Group,1777.0,10.0,4,Train,No,Buffet,7,39,Confirmed,0
BK-5350,Japan,43,Male,Solo,4208.0,5.0,5,Cruise,Yes,Buffet,2,22,Confirmed,0
BK-5351,USA,25,Female,Leisure,3551.0,5.0,3,Flight,No,Buffet,10,20,Confirmed,0
BK-5352,USA,75,Female,Group,2549.0,2.0,4,Flight,Yes,Standard,8,27,Canceled,1
BK-5353,Australia,77,Male,Business,3802.0,6.0,5,Cruise,Yes,Standard,4,32,Canceled,1
BK-5354,Australia,67,Female,Business,1441.0,9.0,1,Flight,Yes,Buffet,5,24,Confirmed,0
BK-5355,Brazil,45,Female,Business,1325.0,2.0,4,Cruise,No,Standard,10,10,Canceled,1
BK-5356,UK,45,Female,Leisure,2801.0,10.0,1,Car,Yes,Buffet,8,30,Confirmed,0
BK-5357,Australia,54,Female,Group,1390.0,2.0,2,Cruise,Yes,Buffet,2,34,Confirmed,0
BK-5358,USA,58,Female,Group,4331.0,3.0,4,Car,No,Standard,3,16,Canceled,1
BK-5359,India,53,Female,Leisure,272.0,13.0,1,Train,Yes,Standard,3,32,Confirmed,0
BK-5360,Japan,44,Male,Group,2114.0,7.0,3,Cruise,No,Standard,10,36,Confirmed,0
BK-5361,USA,71,Male,Leisure,2672.0,6.0,3,Train,No,Standard,1,22,Canceled,1
BK-5362,USA,34,Female,Leisure,3246.0,12.0,2,Flight,No,Buffet,6,21,Confirmed,0
BK-5363,UK,26,Female,Leisure,907.0,8.0,4,Car,No,Standard,2,27,Confirmed,0
BK-5364,Brazil,50,Male,Business,2004.0,8.0,4,Cruise,No,Standard,1,33,Confirmed,0
BK-5365,Brazil,70,Female,Group,3913.0,6.0,4,Train,Yes,Standard,2,28,Confirmed,0
BK-5366,Germany,37,Female,Leisure,2764.0,12.0,2,Car,No,Standard,6,24,Confirmed,0
BK-5367,UK,30,Female,Group,2675.0,11.0,4,Car,No,Standard,4,17,Confirmed,0
BK-5368,India,45,Male,Business,3810.0,10.0,3,Flight,No,Buffet,6,28,Confirmed,0
BK-5369,Brazil,65,Female,Leisure,4455.0,3.0,1,Flight,No,Standard,9,19,Canceled,1
BK-5370,Japan,46,Male,Solo,3023.0,3.0,3,Car,Yes,Buffet,10,16,Canceled,1
BK-5371,Australia,30,Female,Business,1935.0,1.0,3,Car,No,Buffet,10,27,Confirmed,0
BK-5372,UK,63,Male,Solo,1785.0,7.0,1,Cruise,Yes,Buffet,8,25,Confirmed,0
BK-5373,Australia,52,Male,Group,266.0,5.0,3,Car,No,Buffet,1,29,Canceled,1
BK-5374,USA,78,Female,Group,3261.0,4.0,2,Cruise,Yes,Buffet,8,36,Canceled,1
BK-5375,Japan,23,Male,Business,2628.0,10.0,1,Car,No,Standard,9,15,Canceled,1
BK-5376,Japan,35,Female,Group,4353.0,4.0,3,Flight,No,Standard,6,36,Canceled,1
BK-5377,USA,68,Male,Solo,541.0,14.0,5,Cruise,Yes,Buffet,10,18,Canceled,1
BK-5378,UK,22,Female,Leisure,2974.0,4.0,3,Train,No,Buffet,5,30,Confirmed,0
BK-5379,USA,64,Female,Leisure,2353.0774193548386,6.0,2,Flight,Yes,Standard,6,22,Canceled,1
BK-5380,Australia,42,Male,Leisure,2861.0,8.0,4,Cruise,No,Standard,6,34,Canceled,1
BK-5381,Germany,19,Female,Business,1432.0,8.0,3,Cruise,Yes,Standard,9,30,Canceled,1
BK-5382,Japan,27,Female,Group,4074.0,5.0,4,Train,No,Standard,4,35,Confirmed,0
BK-5383,UAE,73,Male,Solo,2601.0,6.0,5,Cruise,No,Standard,2,17,Confirmed,0
BK-5384,UAE,47,Female,Group,1694.0,4.0,3,Car,Yes,Buffet,9,25,Confirmed,0
BK-5385,Australia,67,Female,Group,4411.0,12.0,1,Train,No,Buffet,2,22,Confirmed,0
BK-5386,India,76,Male,Group,861.0,14.0,4,Flight,No,Standard,10,22,Confirmed,0
BK-5387,Brazil,62,Male,Leisure,4083.0,11.0,5,Flight,No,Standard,9,26,Confirmed,0
BK-5388,USA,22,Female,Solo,3819.0,13.0,1,Car,No,Standard,2,32,Canceled,1
BK-5389,USA,72,Female,Solo,2068.0,9.0,1,Flight,No,Standard,8,29,Confirmed,0
BK-5390,India,73,Male,Group,2534.0,8.0,1,Cruise,No,Buffet,9,14,Confirmed,0
BK-5391,India,50,Male,Leisure,3574.0,10.0,1,Cruise,Yes,Standard,10,31,Canceled,1
BK-5392,Australia,71,Female,Leisure,1216.0,12.0,3,Car,Yes,Standard,9,30,Confirmed,0
BK-5393,Australia,18,Male,Solo,407.0,10.0,3,Flight,Yes,Standard,10,37,Canceled,1
BK-5394,India,35,Female,Leisure,2865.0,1.0,3,Flight,No,Buffet,9,26,Canceled,1
BK-5395,Japan,49,Female,Leisure,2693.0,2.0,5,Car,Yes,Standard,2,37,Confirmed,0
BK-5396,Australia,64,Female,Leisure,832.0,9.0,5,Train,No,Standard,4,18,Canceled,1
BK-5397,Germany,66,Female,Business,2302.0,8.0,5,Flight,No,Standard,5,11,Canceled,1
BK-5398,Australia,28,Female,Group,3159.0,14.0,2,Train,No,Buffet,2,34,Canceled,1
BK-5399,USA,38,Male,Solo,3283.0,3.0,5,Flight,No,Standard,1,35,Canceled,1
BK-5400,Australia,43,Male,Solo,2131.0,8.0,3,Flight,Yes,Standard,3,27,Confirmed,0
BK-5401,Japan,42,Male,Business,3919.0,12.0,3,Flight,No,Standard,4,18,Canceled,1
BK-5402,India,39,Male,Group,2762.0,1.0,2,Flight,Yes,Buffet,8,15,Confirmed,0
BK-5403,USA,76,Female,Solo,1879.0,10.0,2,Cruise,No,Standard,6,20,Canceled,1
BK-5404,Australia,44,Female,Leisure,436.0,4.0,5,Train,Yes,Standard,2,34,Canceled,1
BK-5405,Japan,66,Female,Solo,1740.0,3.0,4,Train,Yes,Standard,9,38,Canceled,1
BK-5406,Germany,30,Female,Leisure,4143.0,6.0,2,Flight,Yes,Standard,2,15,Confirmed,0
BK-5407,Australia,50,Male,Business,563.0,7.0,3,Flight,Yes,Standard,5,15,Confirmed,0
BK-5408,Japan,51,Female,Leisure,2568.0,4.0,3,Train,Yes,Standard,4,22,Confirmed,0
BK-5409,Germany,58,Female,Solo,485.0,7.0,1,Cruise,Yes,Buffet,7,20,Canceled,1
BK-5410,India,52,Male,Solo,348.0,9.0,3,Car,No,Standard,8,23,Canceled,1
BK-5411,Australia,18,Male,Solo,4237.0,11.0,3,Car,Yes,Standard,5,11,Canceled,1
BK-5412,Germany,38,Male,Business,1966.0,2.0,2,Train,No,Buffet,10,17,Canceled,1
BK-5413,USA,65,Male,Business,1212.0,11.0,2,Flight,Yes,Standard,5,12,Confirmed,0
BK-5414,India,72,Female,Group,3031.0,3.0,1,Flight,No,Buffet,2,32,Canceled,1
BK-5415,USA,23,Female,Solo,2707.0,5.0,3,Cruise,Yes,Standard,8,30,Confirmed,0
BK-5416,UAE,45,Male,Leisure,1723.0,3.0,1,Car,Yes,Buffet,2,12,Canceled,1
BK-5417,UK,34,Female,Business,2985.0,11.0,4,Cruise,No,Standard,10,10,Confirmed,0
BK-5418,Australia,22,Female,Solo,2756.0,8.0,1,Car,Yes,Buffet,6,33,Confirmed,0
BK-5419,Germany,48,Female,Solo,3925.0,12.0,5,Train,Yes,Standard,8,28,Canceled,1
BK-5420,UK,22,Male,Business,1801.0,10.0,1,Car,Yes,Standard,6,27,Canceled,1
BK-5421,UK,55,Female,Group,2608.0,8.0,5,Cruise,No,Buffet,4,26,Confirmed,0
BK-5422,Germany,20,Male,Business,540.0,8.0,5,Cruise,Yes,Standard,4,29,Canceled,1
BK-5423,India,70,Female,Business,3017.0,12.0,5,Cruise,No,Standard,6,38,Canceled,1
BK-5424,Australia,40,Female,Leisure,2696.0,12.0,4,Train,Yes,Standard,4,33,Confirmed,0
BK-5425,UAE,54,Female,Leisure,1925.0,9.0,1,Car,Yes,Standard,8,22,Confirmed,0
BK-5426,USA,70,Male,Group,1889.0,4.0,1,Car,No,Buffet,9,12,Confirmed,0
BK-5427,Japan,54,Female,Solo,3467.0,5.0,4,Cruise,Yes,Buffet,1,39,Confirmed,0
BK-5428,USA,27,Male,Business,461.0,5.0,3,Car,Yes,Standard,4,10,Canceled,1
BK-5429,Japan,27,Male,Group,1642.0,8.0,2,Flight,No,Standard,4,13,Confirmed,0
BK-5430,USA,36,Male,Leisure,605.0,7.0,1,Flight,Yes,Standard,2,34,Confirmed,0
BK-5431,Germany,34,Female,Business,2390.0,9.0,2,Flight,No,Buffet,6,22,Confirmed,0
BK-5432,UAE,38,Female,Solo,443.0,14.0,4,Car,No,Buffet,3,26,Canceled,1
BK-5433,Australia,31,Female,Leisure,4307.0,8.0,3,Train,No,Buffet,7,37,Confirmed,0
BK-5434,Japan,26,Female,Leisure,760.0,2.0,3,Train,Yes,Standard,5,39,Canceled,1
BK-5435,Australia,63,Male,Leisure,4337.0,10.0,3,Train,No,Buffet,4,20,Confirmed,0
BK-5436,Australia,18,Male,Group,2925.0,12.0,4,Train,No,Buffet,5,11,Confirmed,0
BK-5437,Australia,68,Male,Solo,793.0,4.0,5,Flight,Yes,Standard,8,34,Canceled,1
BK-5438,Brazil,62,Female,Business,2026.0,6.0,5,Flight,No,Buffet,3,25,Confirmed,0
BK-5439,India,30,Male,Group,3429.0,12.0,2,Cruise,Yes,Buffet,7,11,Confirmed,0
BK-5440,USA,21,Female,Group,3487.0,2.0,5,Car,Yes,Standard,6,38,Canceled,1
BK-5441,Australia,79,Male,Group,4273.0,7.0,3,Car,Yes,Standard,1,28,Confirmed,0
BK-5442,USA,18,Female,Leisure,333.0,3.0,3,Train,Yes,Standard,7,32,Confirmed,0
BK-5443,Australia,66,Female,Solo,3338.0,13.0,3,Flight,No,Buffet,7,28,Confirmed,0
BK-5444,Japan,57,Male,Group,4119.0,3.0,2,Train,No,Standard,1,34,Confirmed,0
BK-5445,India,49,Male,Business,272.0,11.0,1,Cruise,No,Standard,9,25,Canceled,1
BK-5446,India,51,Male,Solo,4425.0,2.0,2,Car,No,Standard,6,31,Confirmed,0
BK-5447,Germany,45,Male,Business,3178.0,11.0,2,Car,No,Standard,2,28,Canceled,1
BK-5448,Brazil,48,Female,Solo,2185.0,8.0,4,Train,Yes,Standard,5,18,Confirmed,0
BK-5449,Germany,25,Male,Business,992.0,6.0,4,Cruise,No,Standard,4,10,Canceled,1
BK-5450,Germany,56,Male,Leisure,4459.0,1.0,2,Car,No,Buffet,7,19,Confirmed,0
BK-5451,Germany,43,Male,Group,294.0,12.0,2,Cruise,No,Standard,8,28,Canceled,1
BK-5452,Germany,75,Female,Business,1333.0,1.0,2,Cruise,Yes,Buffet,1,10,Confirmed,0
BK-5453,Germany,51,Female,Solo,437.0,7.0,5,Train,Yes,Buffet,5,11,Canceled,1
BK-5454,UAE,71,Male,Group,3146.0,8.0,4,Flight,No,Buffet,3,25,Canceled,1
BK-5455,India,71,Female,Group,2730.0,5.0,2,Train,Yes,Buffet,1,21,Confirmed,0
BK-5456,Germany,20,Male,Solo,2160.0,7.47741935483871,3,Flight,No,Standard,3,17,Canceled,1
BK-5457,Australia,76,Female,Business,1248.0,11.0,3,Cruise,No,Standard,6,32,Confirmed,0
BK-5458,India,48,Female,Leisure,2729.0,5.0,5,Flight,Yes,Standard,7,27,Confirmed,0
BK-5459,India,29,Female,Leisure,3164.0,4.0,5,Cruise,Yes,Standard,8,11,Confirmed,0
BK-5460,UK,18,Female,Business,1163.0,14.0,1,Car,No,Standard,4,34,Confirmed,0
BK-5461,UAE,71,Male,Group,736.0,6.0,1,Car,No,Buffet,3,38,Confirmed,0
BK-5462,Germany,61,Male,Group,4423.0,14.0,1,Car,Yes,Standard,5,22,Canceled,1
BK-5463,USA,22,Male,Group,3879.0,6.0,5,Train,No,Standard,5,15,Confirmed,0
BK-5464,Japan,47,Female,Group,4387.0,3.0,5,Train,Yes,Buffet,6,30,Confirmed,0
BK-5465,Brazil,47,Male,Business,3924.0,9.0,5,Cruise,No,Standard,9,35,Confirmed,0
BK-5466,Australia,76,Male,Group,742.0,12.0,3,Car,Yes,Buffet,6,15,Confirmed,0
BK-5467,USA,74,Male,Solo,1045.0,11.0,5,Train,No,Standard,2,18,Confirmed,0
BK-5468,UAE,34,Female,Group,3803.0,14.0,3,Car,No,Standard,5,25,Confirmed,0
BK-5469,Japan,65,Female,Leisure,3236.0,7.0,1,Train,Yes,Standard,9,20,Canceled,1
BK-5470,UAE,64,Female,Group,2694.0,1.0,1,Flight,No,Buffet,8,16,Canceled,1
BK-5471,Australia,40,Male,Business,2919.0,13.0,1,Flight,No,Standard,7,19,Confirmed,0
BK-5472,India,32,Male,Leisure,2084.0,7.0,2,Car,Yes,Buffet,1,19,Canceled,1
BK-5473,Japan,54,Male,Business,4338.0,5.0,2,Cruise,No,Standard,4,39,Confirmed,0
BK-5474,India,38,Female,Business,3401.0,5.0,4,Train,No,Buffet,7,34,Confirmed,0
BK-5475,Australia,31,Female,Leisure,2910.0,14.0,4,Train,No,Standard,7,29,Confirmed,0
BK-5476,USA,19,Male,Business,2153.0,13.0,4,Flight,Yes,Buffet,6,27,Confirmed,0
BK-5477,Australia,28,Female,Business,4050.0,2.0,2,Flight,Yes,Standard,8,37,Confirmed,0
BK-5478,USA,68,Female,Group,889.0,4.0,2,Cruise,Yes,Standard,6,33,Canceled,1
BK-5479,Japan,56,Female,Solo,2150.0,12.0,4,Cruise,No,Buffet,10,29,Canceled,1
BK-5480,Japan,55,Female,Business,656.0,6.0,4,Cruise,No,Standard,3,38,Canceled,1
BK-5481,Germany,77,Male,Business,2330.0,10.0,5,Car,No,Standard,4,18,Canceled,1
BK-5482,UAE,51,Female,Business,4176.0,11.0,4,Flight,No,Buffet,3,24,Confirmed,0
BK-5483,Germany,55,Female,Group,4444.0,7.0,5,Car,Yes,Standard,1,13,Canceled,1
BK-5484,UAE,67,Female,Solo,1379.0,11.0,3,Flight,No,Standard,10,17,Confirmed,0
BK-5485,Germany,51,Female,Leisure,4485.0,5.0,2,Flight,No,Buffet,5,18,Canceled,1
BK-5486,India,35,Male,Group,3765.0,9.0,3,Train,No,Buffet,1,22,Canceled,1
BK-5487,Japan,47,Male,Group,1082.0,3.0,2,Flight,Yes,Buffet,1,18,Canceled,1
BK-5488,USA,32,Female,Solo,599.0,1.0,2,Flight,No,Standard,2,35,Canceled,1
BK-5489,UAE,44,Female,Solo,808.0,4.0,2,Car,No,Standard,4,13,Confirmed,0
BK-5490,Australia,68,Female,Group,1838.0,9.0,3,Flight,No,Buffet,6,26,Canceled,1
BK-5491,UAE,51,Female,Leisure,2348.0,4.0,1,Car,No,Standard,8,25,Canceled,1
BK-5492,USA,69,Female,Group,1582.0,2.0,4,Cruise,No,Standard,3,24,Confirmed,0
BK-5493,Germany,74,Female,Solo,1603.0,10.0,1,Flight,Yes,Standard,1,12,Confirmed,0
BK-5494,UAE,55,Male,Leisure,1019.0,14.0,1,Flight,No,Buffet,3,34,Canceled,1
BK-5495,Brazil,50,Female,Solo,3492.0,14.0,1,Car,No,Standard,3,29,Confirmed,0
BK-5496,India,41,Male,Leisure,1019.0,5.0,2,Cruise,No,Buffet,5,14,Confirmed,0
BK-5497,Japan,32,Male,Business,619.0,3.0,5,Train,No,Buffet,4,32,Confirmed,0
BK-5498,USA,77,Female,Solo,4419.0,13.0,2,Cruise,No,Standard,4,14,Canceled,1
BK-5499,Japan,47,Male,Solo,3502.0,12.0,2,Car,No,Buffet,9,29,Confirmed,0
BK-5500,Brazil,72,Male,Group,1708.0,13.0,1,Cruise,No,Buffet,7,24,Canceled,1
BK-5501,UAE,59,Male,Solo,967.0,9.0,2,Car,No,Standard,4,27,Canceled,1
BK-5502,UAE,68,Male,Solo,2244.0,4.0,1,Car,No,Standard,3,24,Canceled,1
BK-5503,Australia,34,Male,Business,2339.0,6.0,5,Train,No,Buffet,6,11,Canceled,1
BK-5504,Brazil,22,Male,Solo,3229.0,2.0,4,Flight,Yes,Standard,3,38,Confirmed,0
BK-5505,USA,46,Female,Business,1749.0,6.0,1,Car,Yes,Standard,6,22,Canceled,1
BK-5506,Australia,21,Male,Business,1964.0,3.0,5,Car,Yes,Standard,9,13,Confirmed,0
BK-5507,India,27,Male,Business,2845.0,12.0,4,Train,Yes,Standard,6,19,Canceled,1
BK-5508,Australia,73,Male,Business,3916.0,12.0,3,Car,No,Standard,4,22,Confirmed,0
BK-5509,UK,34,Female,Leisure,2493.0,9.0,1,Flight,Yes,Standard,5,19,Canceled,1
BK-5510,USA,27,Male,Group,2908.0,11.0,1,Train,Yes,Standard,6,38,Confirmed,0
BK-5511,UK,34,Female,Leisure,2353.0774193548386,2.0,3,Flight,No,Standard,3,18,Canceled,1
BK-5512,Brazil,77,Male,Solo,3284.0,12.0,3,Flight,Yes,Buffet,8,17,Canceled,1
BK-5513,Germany,37,Female,Leisure,2209.0,12.0,3,Train,Yes,Buffet,4,12,Confirmed,0
BK-5514,UK,41,Female,Leisure,441.0,9.0,3,Car,No,Standard,8,25,Canceled,1
BK-5515,India,22,Male,Solo,2585.0,5.0,2,Flight,No,Buffet,10,23,Canceled,1
BK-5516,Australia,51,Male,Solo,4468.0,8.0,4,Flight,No,Buffet,10,18,Canceled,1
BK-5517,Germany,23,Female,Solo,871.0,2.0,4,Flight,Yes,Buffet,3,39,Confirmed,0
BK-5518,Australia,70,Male,Leisure,363.0,6.0,4,Flight,Yes,Standard,10,30,Canceled,1
BK-5519,UK,19,Female,Leisure,664.0,3.0,2,Train,No,Standard,7,20,Canceled,1
BK-5520,Australia,30,Female,Solo,3242.0,12.0,3,Train,No,Standard,9,12,Confirmed,0
BK-5521,Brazil,79,Female,Group,2642.0,12.0,5,Cruise,Yes,Standard,4,14,Confirmed,0
BK-5522,Germany,60,Female,Group,2555.0,14.0,3,Cruise,No,Standard,8,38,Confirmed,0
BK-5523,Brazil,60,Female,Business,4478.0,10.0,1,Flight,Yes,Buffet,3,19,Confirmed,0
BK-5524,UK,65,Male,Solo,2757.0,5.0,4,Car,No,Buffet,7,22,Confirmed,0
BK-5525,Brazil,28,Female,Business,745.0,12.0,3,Flight,No,Standard,3,13,Canceled,1
BK-5526,India,68,Female,Group,4035.0,8.0,5,Car,Yes,Standard,7,33,Canceled,1
BK-5527,UK,64,Male,Business,793.0,10.0,1,Flight,No,Buffet,10,22,Canceled,1
BK-5528,UK,74,Female,Solo,4004.0,14.0,2,Cruise,No,Buffet,10,21,Confirmed,0
BK-5529,UK,40,Male,Solo,1659.0,1.0,2,Cruise,No,Standard,6,14,Canceled,1
BK-5530,USA,72,Male,Solo,3693.0,5.0,5,Car,Yes,Standard,2,19,Confirmed,0
BK-5531,Australia,33,Male,Leisure,2801.0,3.0,1,Flight,No,Standard,3,37,Confirmed,0
BK-5532,USA,48,Female,Business,2644.0,4.0,4,Car,No,Buffet,6,33,Canceled,1
BK-5533,USA,28,Female,Group,2872.0,2.0,3,Cruise,No,Buffet,4,18,Confirmed,0
BK-5534,India,71,Female,Group,4400.0,9.0,1,Flight,No,Standard,6,29,Confirmed,0
BK-5535,Germany,33,Male,Group,216.0,3.0,2,Flight,No,Standard,1,16,Canceled,1
BK-5536,Australia,25,Female,Leisure,3391.0,2.0,5,Car,No,Standard,5,11,Confirmed,0
BK-5537,Brazil,48,Male,Leisure,592.0,10.0,5,Train,Yes,Standard,1,31,Confirmed,0
BK-5538,UAE,57,Female,Solo,624.0,11.0,3,Car,Yes,Standard,3,33,Canceled,1
BK-5539,UK,21,Male,Group,771.0,9.0,5,Cruise,No,Standard,8,37,Confirmed,0
BK-5540,Brazil,73,Female,Leisure,3831.0,7.0,5,Cruise,Yes,Buffet,8,32,Confirmed,0
BK-5541,UK,42,Female,Solo,1320.0,6.0,1,Cruise,Yes,Standard,4,16,Canceled,1
BK-5542,India,20,Female,Group,441.0,1.0,4,Cruise,No,Standard,6,17,Canceled,1
BK-5543,UK,49,Male,Business,4097.0,5.0,3,Cruise,Yes,Standard,8,16,Canceled,1
BK-5544,USA,20,Male,Solo,4295.0,12.0,1,Train,Yes,Standard,7,30,Canceled,1
BK-5545,Australia,44,Female,Leisure,2479.0,11.0,4,Flight,Yes,Standard,7,32,Confirmed,0
BK-5546,UAE,46,Female,Leisure,988.0,14.0,1,Car,Yes,Standard,4,38,Confirmed,0
BK-5547,Japan,49,Male,Solo,914.0,11.0,1,Car,Yes,Buffet,9,23,Canceled,1
BK-5548,UK,67,Male,Solo,3049.0,3.0,5,Cruise,Yes,Standard,10,35,Confirmed,0
BK-5549,Brazil,78,Male,Leisure,975.0,1.0,4,Car,Yes,Standard,6,28,Confirmed,0
BK-5550,USA,75,Female,Business,4226.0,4.0,3,Cruise,Yes,Standard,3,14,Canceled,1
BK-5551,Japan,68,Male,Group,2447.0,13.0,3,Train,No,Buffet,5,32,Canceled,1
BK-5552,UAE,36,Female,Business,278.0,2.0,4,Train,No,Standard,5,34,Confirmed,0
BK-5553,Japan,38,Male,Solo,4126.0,2.0,5,Flight,Yes,Standard,5,27,Canceled,1
BK-5554,USA,22,Female,Business,1055.0,3.0,2,Train,Yes,Buffet,8,29,Canceled,1
BK-5555,Australia,35,Male,Leisure,2348.0,8.0,3,Train,No,Standard,9,21,Canceled,1
BK-5556,Australia,45,Male,Solo,1231.0,8.0,5,Flight,Yes,Buffet,9,32,Confirmed,0
BK-5557,Germany,59,Male,Group,2353.0774193548386,12.0,4,Car,Yes,Buffet,6,26,Canceled,1
BK-5558,Australia,78,Male,Leisure,3776.0,7.0,1,Cruise,No,Standard,6,22,Confirmed,0
BK-5559,Germany,39,Male,Leisure,4382.0,6.0,3,Cruise,No,Standard,9,11,Confirmed,0
BK-5560,Japan,38,Female,Group,3656.0,9.0,3,Car,No,Standard,5,34,Confirmed,0
BK-5561,India,23,Male,Group,3706.0,4.0,3,Flight,Yes,Standard,6,22,Canceled,1
BK-5562,Brazil,18,Male,Business,607.0,12.0,4,Car,Yes,Standard,4,35,Canceled,1
BK-5563,Brazil,22,Male,Solo,2911.0,1.0,1,Train,No,Standard,1,16,Canceled,1
BK-5564,Japan,58,Female,Group,3288.0,8.0,4,Flight,No,Standard,7,37,Canceled,1
BK-5565,UK,29,Male,Group,1868.0,7.0,1,Flight,Yes,Buffet,10,19,Canceled,1
BK-5566,UK,43,Female,Solo,347.0,7.0,3,Flight,No,Standard,6,32,Confirmed,0
BK-5567,Australia,63,Male,Group,4097.0,3.0,2,Cruise,Yes,Standard,9,15,Confirmed,0
BK-5568,Brazil,51,Male,Group,2150.0,4.0,5,Car,Yes,Buffet,7,12,Confirmed,0
BK-5569,Brazil,66,Female,Business,565.0,10.0,5,Flight,No,Standard,7,35,Canceled,1
BK-5570,Germany,31,Male,Leisure,1874.0,9.0,4,Flight,No,Standard,2,12,Confirmed,0
BK-5571,India,43,Female,Leisure,2746.0,6.0,2,Flight,Yes,Standard,9,27,Confirmed,0
BK-5572,USA,62,Female,Leisure,762.0,5.0,1,Car,No,Standard,10,20,Canceled,1
BK-5573,UK,44,Male,Leisure,3762.0,3.0,1,Cruise,No,Buffet,9,31,Canceled,1
BK-5574,Brazil,48,Female,Group,2689.0,9.0,3,Train,No,Standard,6,29,Confirmed,0
BK-5575,Germany,43,Male,Solo,972.0,5.0,1,Cruise,No,Standard,3,14,Confirmed,0
BK-5576,UAE,74,Male,Solo,2237.0,5.0,4,Flight,Yes,Standard,1,28,Canceled,1
BK-5577,Germany,64,Female,Business,2353.0774193548386,14.0,5,Cruise,Yes,Standard,4,31,Canceled,1
BK-5578,UK,74,Female,Business,2767.0,4.0,5,Cruise,Yes,Buffet,3,36,Canceled,1
BK-5579,UK,39,Female,Group,1773.0,14.0,5,Train,Yes,Buffet,1,37,Canceled,1
BK-5580,Germany,64,Female,Solo,3894.0,4.0,2,Car,No,Standard,3,28,Confirmed,0
BK-5581,USA,73,Male,Solo,3491.0,12.0,1,Car,No,Standard,4,39,Confirmed,0
BK-5582,Japan,47,Male,Leisure,1446.0,1.0,4,Cruise,Yes,Standard,8,24,Canceled,1
BK-5583,UK,60,Female,Group,3919.0,7.0,2,Cruise,Yes,Standard,9,39,Confirmed,0
BK-5584,Germany,65,Male,Group,4039.0,9.0,3,Car,No,Standard,3,25,Confirmed,0
BK-5585,Brazil,78,Male,Leisure,559.0,3.0,4,Car,Yes,Standard,6,33,Canceled,1
BK-5586,Germany,34,Male,Group,2576.0,12.0,4,Train,Yes,Standard,10,18,Confirmed,0
BK-5587,India,43,Male,Group,3209.0,13.0,4,Flight,No,Buffet,5,13,Confirmed,0
BK-5588,Japan,53,Female,Business,3193.0,2.0,5,Cruise,Yes,Standard,6,24,Confirmed,0
BK-5589,UAE,18,Female,Solo,1162.0,3.0,4,Car,No,Standard,5,34,Canceled,1
BK-5590,USA,25,Male,Group,3832.0,1.0,1,Cruise,No,Standard,10,21,Canceled,1
BK-5591,Australia,66,Female,Business,2027.0,6.0,4,Cruise,Yes,Standard,6,32,Confirmed,0
BK-5592,UAE,52,Female,Solo,1813.0,11.0,5,Car,No,Buffet,7,12,Canceled,1
BK-5593,Japan,78,Female,Leisure,1840.0,11.0,4,Train,Yes,Standard,9,32,Canceled,1
BK-5594,Japan,69,Male,Business,2416.0,7.0,3,Cruise,No,Standard,10,23,Canceled,1
BK-5595,Japan,32,Male,Business,2353.0774193548386,11.0,3,Train,Yes,Standard,7,26,Confirmed,0
BK-5596,UAE,64,Male,Solo,4414.0,11.0,5,Car,Yes,Buffet,6,28,Confirmed,0
BK-5597,Brazil,73,Female,Leisure,4485.0,2.0,1,Flight,Yes,Standard,1,15,Canceled,1
BK-5598,Japan,39,Male,Business,569.0,8.0,1,Flight,No,Standard,2,13,Confirmed,0
BK-5599,Germany,31,Male,Group,2396.0,14.0,2,Cruise,No,Buffet,1,16,Confirmed,0
BK-5600,UAE,43,Female,Group,3947.0,6.0,5,Car,Yes,Buffet,9,39,Confirmed,0
BK-5601,Australia,45,Male,Group,851.0,14.0,4,Train,No,Standard,10,28,Confirmed,0
BK-5602,Japan,40,Male,Leisure,969.0,4.0,5,Cruise,Yes,Standard,10,26,Confirmed,0
BK-5603,Germany,31,Female,Business,2621.0,5.0,2,Car,Yes,Standard,9,34,Canceled,1
BK-5604,Brazil,41,Female,Group,980.0,8.0,5,Car,No,Standard,7,25,Confirmed,0
BK-5605,India,19,Female,Leisure,1916.0,14.0,5,Train,Yes,Standard,2,24,Confirmed,0
BK-5606,Brazil,62,Male,Group,4183.0,3.0,2,Cruise,No,Standard,6,31,Confirmed,0
BK-5607,Australia,43,Male,Solo,1511.0,3.0,1,Car,Yes,Standard,4,17,Canceled,1
BK-5608,Japan,31,Male,Business,3559.0,14.0,4,Car,No,Standard,1,28,Canceled,1
BK-5609,Australia,76,Female,Business,2353.0774193548386,14.0,2,Car,Yes,Standard,1,17,Canceled,1
BK-5610,UAE,73,Female,Leisure,721.0,11.0,3,Train,Yes,Buffet,5,27,Confirmed,0
BK-5611,UK,68,Male,Leisure,2520.0,7.47741935483871,1,Cruise,No,Standard,2,37,Canceled,1
BK-5612,Japan,24,Male,Business,1135.0,1.0,3,Cruise,Yes,Buffet,4,25,Canceled,1
BK-5613,UK,20,Female,Group,2430.0,9.0,1,Cruise,Yes,Standard,1,29,Canceled,1
BK-5614,Germany,64,Female,Group,4240.0,8.0,4,Cruise,No,Standard,4,28,Canceled,1
BK-5615,India,40,Female,Solo,3897.0,8.0,4,Flight,Yes,Standard,6,19,Confirmed,0
BK-5616,USA,63,Female,Group,3037.0,14.0,5,Flight,No,Standard,10,26,Canceled,1
BK-5617,Australia,60,Male,Leisure,4283.0,10.0,3,Cruise,Yes,Buffet,4,22,Canceled,1
BK-5618,Brazil,64,Female,Leisure,2661.0,6.0,1,Train,No,Buffet,1,22,Confirmed,0
BK-5619,India,48,Male,Group,3443.0,7.0,4,Flight,Yes,Buffet,7,16,Confirmed,0
BK-5620,Japan,62,Male,Leisure,3559.0,6.0,2,Car,Yes,Standard,2,36,Canceled,1
BK-5621,UK,35,Male,Business,885.0,9.0,4,Flight,Yes,Buffet,9,19,Confirmed,0
BK-5622,Brazil,75,Female,Business,2360.0,3.0,2,Car,No,Standard,3,11,Canceled,1
BK-5623,UK,55,Female,Group,4188.0,14.0,1,Cruise,No,Buffet,8,13,Confirmed,0
BK-5624,UAE,52,Female,Business,4266.0,3.0,4,Flight,No,Buffet,8,34,Confirmed,0
BK-5625,UK,68,Female,Business,1767.0,3.0,4,Train,No,Standard,3,15,Canceled,1
BK-5626,UAE,32,Male,Solo,238.0,10.0,1,Flight,Yes,Buffet,4,33,Confirmed,0
BK-5627,Germany,42,Female,Solo,2744.0,3.0,4,Flight,Yes,Standard,2,27,Canceled,1
BK-5628,Brazil,72,Female,Business,1456.0,9.0,2,Flight,No,Standard,4,32,Confirmed,0
BK-5629,Brazil,54,Male,Group,3190.0,12.0,3,Cruise,No,Standard,9,15,Canceled,1
